<?xml version="1.0"?>
<!--
/**
 * Magento
 *
 * NOTICE OF LICENSE
 *
 * This source file is subject to the Academic Free License (AFL 3.0)
 * that is bundled with this package in the file LICENSE_AFL.txt.
 * It is also available through the world-wide-web at this URL:
 * http://opensource.org/licenses/afl-3.0.php
 * If you did not receive a copy of the license and are unable to
 * obtain it through the world-wide-web, please send an email
 * to license@magentocommerce.com so we can send you a copy immediately.
 *
 * DISCLAIMER
 *
 * Do not edit or add to this file if you wish to upgrade Magento to newer
 * versions in the future. If you wish to customize Magento for your
 * needs please refer to http://www.magentocommerce.com for more information.
 *
 * @category    Mage
 * @package     Mage_Oauth
 * @copyright   Copyright (c) 2012 Magento Inc. (http://www.magentocommerce.com)
 * @license     http://opensource.org/licenses/afl-3.0.php  Academic Free License (AFL 3.0)
 */
-->
<config>
    <acl>
        <resources>
            <admin>
                <children>
                    <system>
                        <children>
                            <api>
                                <children>
                                    <consumer translate="title" module="oauth">
                                        <title>OAuth Consumers</title>
                                        <sort_order>20</sort_order>
                                        <children>
                                            <edit translate="title">
                                                <title>Edit</title>
                                                <sort_order>30</sort_order>
                                            </edit>
                                            <delete translate="title">
                                                <title>Delete</title>
                                                <sort_order>40</sort_order>
                                            </delete>
                                        </children>
                                    </consumer>
                                    <authorizedTokens translate="title" module="oauth">
                                        <title>OAuth Authorized Tokens</title>
                                        <sort_order>30</sort_order>
                                    </authorizedTokens>
                                    <oauth_admin_token translate="title" module="oauth">
                                        <title>OAuth Admin My Apps</title>
                                        <sort_order>40</sort_order>
                                    </oauth_admin_token>
                                </children>
                            </api>
                            <config>
                                <children>
                                    <oauth translate="title">
                                        <title>OAuth</title>
                                        <sort_order>20</sort_order>
                                    </oauth>
                                </children>
                            </config>
                        </children>
                    </system>
                </children>
            </admin>
        </resources>
    </acl>
    <menu>
        <system>
            <children>
                <api>
                    <children>
                        <oauth_consumer translate="title" module="oauth">
                            <title>REST - OAuth Consumers</title>
                            <sort_order>50</sort_order>
                            <action>adminhtml/oauth_consumer</action>
                        </oauth_consumer>
                        <oauth_authorized_tokens translate="title" module="oauth">
                            <title>REST - OAuth Authorized Tokens</title>
                            <sort_order>60</sort_order>
                            <action>adminhtml/oauth_authorizedTokens</action>
                        </oauth_authorized_tokens>
                        <oauth_admin_token translate="title" module="oauth">
                            <title>REST - My Apps</title>
                            <sort_order>70</sort_order>
                            <action>adminhtml/oauth_admin_token</action>
                        </oauth_admin_token>
                    </children>
                </api>
            </children>
        </system>
    </menu>
</config>
